AccountID,TransactionDate,Amount,IsSuspicious
A9047,2025-08-28,17300.01,False
A9040,2025-09-28,6499.36,False
A9017,2025-10-04,9180.88,False
A9059,2025-10-18,24421.29,False
A9048,2025-10-13,13117.86,False
A9012,2025-08-13,12349.91,False
A9021,2025-11-04,19241.16,False
A9062,2025-08-17,12602.69,False
A9007,2025-11-10,10405.87,False
A9041,2025-10-07,16417.44,False
A9045,2025-10-01,22041.75,False
A9003,2025-11-02,953.04,False
A9042,2025-09-25,8430.10,False
A9041,2025-10-28,9074.16,False
A9034,2025-10-29,24226.16,False
A9012,2025-10-02,17232.28,False
A9001,2025-11-04,923.28,False
A9054,2025-10-04,8203.36,False
A9001,2025-11-08,945.94,True
A9047,2025-09-11,21543.45,False
A9013,2025-11-07,8472.63,False
A9044,2025-10-08,20989.68,False
A9034,2025-09-26,16810.47,False
A9010,2025-11-22,14134.41,False
A9054,2025-09-29,2117.67,False
A9007,2025-09-18,18789.82,False
A9061,2025-11-21,1946.59,False
A9006,2025-11-02,8270.46,False
A9034,2025-09-22,5380.48,False
A9025,2025-10-26,12177.20,False
A9012,2025-09-23,7390.37,False
A9039,2025-11-30,13640.74,False
A9056,2025-11-04,19403.70,False
A9004,2025-08-15,11371.38,False
A9048,2025-10-01,16345.79,False
A9055,2025-08-20,17597.28,False
A9048,2025-10-04,7866.54,False
A9051,2025-10-21,15687.27,False
A9033,2025-10-05,2383.77,False
A9019,2025-11-17,2108.96,False
A9024,2025-11-10,20331.07,False
A9052,2025-10-31,21236.78,False
A9020,2025-09-14,12878.23,False
A9058,2025-10-22,17194.24,False
A9037,2025-11-03,11218.66,False
A9026,2025-09-28,3243.48,False
A9044,2025-10-11,10037.81,False
A9058,2025-11-18,7217.94,False
A9054,2025-10-02,20476.18,False
A9008,2025-09-05,6985.46,False
A9059,2025-08-14,14432.64,False
A9039,2025-09-19,10169.41,False
A9002,2025-11-27,950.95,False
A9048,2025-09-30,4353.51,False
A9030,2025-08-17,12838.74,False
A9015,2025-09-12,17450.63,False
A9054,2025-08-08,15505.57,False
A9037,2025-10-05,4343.60,False
A9038,2025-08-21,15676.44,False
A9007,2025-09-18,12704.53,False
A9003,2025-11-17,952.91,False
A9014,2025-11-22,11880.65,False
A9034,2025-10-06,16337.55,False
A9003,2025-11-15,991.26,True
A9062,2025-10-16,3571.05,False
A9050,2025-10-24,21180.68,False
A9023,2025-09-29,4228.83,False
A9046,2025-11-16,12436.78,False
A9006,2025-09-04,10207.45,False
A9006,2025-12-01,9338.58,False
A9046,2025-09-30,6534.56,False
A9031,2025-10-18,18620.81,False
A9022,2025-08-09,8548.98,False
A9003,2025-11-05,980.68,False
A9012,2025-11-26,23737.15,False
A9021,2025-11-07,24252.86,False
A9008,2025-09-27,7093.11,False
A9002,2025-11-21,984.29,False
A9063,2025-10-26,11795.73,False
A9035,2025-08-15,9137.83,False
A9034,2025-11-03,6189.96,False
A9003,2025-11-28,968.17,False
A9029,2025-09-02,16543.33,False
A9002,2025-11-02,964.00,False
A9032,2025-11-14,11414.22,False
A9039,2025-10-21,23008.51,False
A9063,2025-11-11,11062.33,False
A9021,2025-08-17,5366.79,False
A9041,2025-09-08,13006.55,False
A9018,2025-08-14,19725.30,False
A9034,2025-11-28,16059.35,False
A9039,2025-08-31,21839.07,False
A9021,2025-08-25,19775.36,False
A9062,2025-10-26,10604.29,False
A9017,2025-10-07,19965.33,False
A9012,2025-09-16,18157.60,False
A9013,2025-08-26,19340.08,False
A9043,2025-10-22,5318.80,False
A9012,2025-09-11,21908.84,False
A9008,2025-08-04,12593.67,False
A9011,2025-12-01,13188.56,False
A9040,2025-10-14,12709.02,False
A9057,2025-08-26,14523.88,False
A9001,2025-11-12,902.65,False
A9054,2025-10-02,22743.40,False
A9040,2025-08-13,17616.29,False
A9063,2025-08-09,22363.33,False
A9025,2025-11-23,9247.73,False
A9001,2025-11-25,971.60,False
A9033,2025-08-06,4499.25,False
A9039,2025-10-03,17310.04,False
A9062,2025-09-30,6204.19,False
A9007,2025-09-27,3382.62,False
A9043,2025-10-04,21052.61,False
A9027,2025-08-26,10976.47,False
A9028,2025-10-03,15137.74,False
A9055,2025-09-21,10095.71,False
A9004,2025-09-22,11087.78,False
A9007,2025-10-04,4600.69,False
A9002,2025-11-08,958.46,False
A9052,2025-11-05,16199.60,False
A9007,2025-10-01,21411.52,False
A9047,2025-09-09,24627.88,False
A9025,2025-09-21,23565.29,False
A9019,2025-09-01,4874.06,False
A9024,2025-08-13,24317.87,False
A9057,2025-11-30,24271.41,False
A9014,2025-10-23,4040.32,False
A9001,2025-11-08,989.22,True
A9041,2025-10-14,20826.81,False
A9028,2025-08-14,12855.39,False
A9030,2025-09-24,19066.62,False
A9001,2025-11-22,998.52,False
A9060,2025-11-14,7714.95,False
A9042,2025-08-20,4344.79,False
A9059,2025-08-24,2826.43,False
A9005,2025-08-14,22195.43,False
A9034,2025-10-05,15960.68,False
A9013,2025-11-02,12337.02,False
A9036,2025-10-11,13251.83,False
A9007,2025-08-28,8869.71,False
A9053,2025-10-19,17454.10,False
A9057,2025-12-01,19270.22,False
A9052,2025-08-09,11900.48,False
A9013,2025-11-01,3915.91,False
A9005,2025-10-17,20030.22,False
A9022,2025-09-06,17444.43,False
A9031,2025-09-30,2182.08,False
A9019,2025-11-13,16917.36,False
A9011,2025-09-26,5095.86,False
A9003,2025-11-14,986.08,False
A9017,2025-09-01,9557.69,False
A9009,2025-10-26,13613.12,False
A9038,2025-09-02,6907.60,False
A9048,2025-08-08,5002.78,False
A9013,2025-11-14,2400.12,False
A9032,2025-08-17,14265.62,False
A9043,2025-09-24,2133.71,False
A9030,2025-08-21,17242.82,False
A9040,2025-11-27,15719.73,False
A9018,2025-11-28,17010.78,False
A9030,2025-09-17,18943.32,False
A9030,2025-08-11,21183.71,False
A9063,2025-09-08,20992.33,False
A9051,2025-09-05,22942.53,False
A9045,2025-09-03,17060.18,False
A9045,2025-08-13,9672.59,False
A9052,2025-09-30,22001.00,False
A9018,2025-09-10,2985.60,False
A9006,2025-10-22,19000.57,False
A9031,2025-08-17,22811.09,False
A9037,2025-08-09,8175.14,False
A9027,2025-09-14,6689.96,False
A9006,2025-09-13,3107.89,False
A9052,2025-08-04,3204.76,False
A9061,2025-11-10,18447.80,False
A9060,2025-09-12,14321.07,False
A9002,2025-11-26,953.41,False
A9015,2025-11-26,7321.98,False
A9020,2025-11-06,5577.23,False
A9025,2025-08-21,12632.99,False
A9047,2025-10-05,23797.35,False
A9002,2025-11-29,960.91,False
A9062,2025-10-17,15949.01,False
A9008,2025-11-13,19222.56,False
A9044,2025-11-18,19630.28,False
A9029,2025-09-30,3240.93,False
A9023,2025-11-08,23852.48,False
A9050,2025-11-24,18085.72,False
A9063,2025-08-06,2353.99,False
A9043,2025-08-31,22697.02,False
A9046,2025-09-07,3511.93,False
A9001,2025-11-04,934.40,False
A9047,2025-08-16,21722.15,False
A9041,2025-08-11,18777.48,False
A9051,2025-11-12,23255.45,False
A9009,2025-10-18,23214.23,False
A9033,2025-09-02,5095.29,False
A9007,2025-11-15,18930.37,False
A9039,2025-08-17,17199.13,False
A9034,2025-11-19,17508.01,False
A9018,2025-09-11,5968.10,False
A9019,2025-11-07,5969.91,False
A9047,2025-10-31,17172.94,False
A9062,2025-08-14,13981.46,False
A9006,2025-11-03,10788.69,False
A9023,2025-09-14,24620.55,False
A9032,2025-08-09,5240.21,False
A9001,2025-11-23,980.71,False
A9042,2025-10-23,9763.69,False
A9028,2025-10-15,7460.78,False
A9048,2025-08-26,8761.14,False
A9030,2025-11-09,6218.68,False
A9058,2025-10-20,21530.02,False
A9017,2025-08-17,5013.71,False
A9059,2025-10-02,12076.64,False
A9016,2025-08-10,2484.79,False
A9046,2025-08-12,14173.56,False
A9057,2025-09-24,9282.02,False
A9062,2025-09-15,22022.07,False
A9028,2025-08-12,2410.03,False
A9054,2025-10-27,15398.36,False
A9006,2025-10-05,15547.95,False
A9022,2025-11-06,2529.45,False
A9001,2025-11-26,969.81,False
A9042,2025-08-28,20869.65,False
A9056,2025-08-31,22462.48,False
A9047,2025-08-05,12645.30,False
A9011,2025-09-25,13483.87,False
A9009,2025-09-14,15460.88,False
A9035,2025-11-18,11687.80,False
A9017,2025-08-05,14173.46,False
A9046,2025-10-01,13848.71,False
A9024,2025-11-12,11834.43,False
A9012,2025-08-14,3240.22,False
A9025,2025-08-22,8433.07,False
A9047,2025-10-02,8215.09,False
A9044,2025-10-31,3894.68,False
A9027,2025-11-23,23904.99,False
A9019,2025-09-19,11289.34,False
A9029,2025-08-12,8791.45,False
A9048,2025-11-17,5983.43,False
A9036,2025-09-24,13011.40,False
A9059,2025-10-10,24385.17,False
A9002,2025-11-27,924.66,False
A9061,2025-10-26,19729.91,False
A9043,2025-08-14,16510.06,False
A9001,2025-12-01,974.16,False
A9035,2025-09-25,17177.62,False
A9038,2025-09-29,11787.33,False
A9030,2025-10-04,14751.91,False
A9005,2025-11-21,16604.62,False
A9004,2025-10-29,10514.00,False
A9002,2025-11-05,936.48,False
A9061,2025-11-21,9069.63,False
A9012,2025-11-23,7045.89,False
A9002,2025-11-17,914.29,False
A9001,2025-11-22,982.94,False
A9001,2025-11-12,988.55,False
A9010,2025-08-17,12999.66,False
A9039,2025-09-11,15312.97,False
A9003,2025-11-14,975.09,False
A9018,2025-08-31,2706.85,False
A9022,2025-08-15,20020.82,False
A9007,2025-10-05,3932.29,False
A9029,2025-08-03,18302.85,False
A9059,2025-09-08,13754.10,False
A9060,2025-08-03,4653.70,False
A9018,2025-08-13,17393.61,False
A9032,2025-11-17,17486.94,False
A9050,2025-08-03,18935.83,False
A9019,2025-10-14,14940.18,False
A9057,2025-11-14,19332.77,False
A9020,2025-08-31,21511.81,False
A9042,2025-09-15,24147.77,False
A9001,2025-11-24,922.32,False
A9011,2025-11-22,23708.70,False
A9041,2025-11-12,5523.21,False
A9031,2025-11-03,5633.34,False
A9022,2025-10-10,5729.56,False
A9042,2025-11-29,2688.60,False
A9033,2025-09-05,13657.96,False
A9043,2025-10-22,17089.61,False
A9031,2025-10-27,16527.53,False
A9002,2025-11-19,926.99,False
A9029,2025-09-01,18393.44,False
A9049,2025-09-18,12987.46,False
A9042,2025-11-26,22401.44,False
A9018,2025-08-24,13780.45,False
A9021,2025-10-06,17055.56,False
A9030,2025-10-17,22029.77,False
A9049,2025-10-07,1539.75,False
A9062,2025-08-18,23688.41,False
A9012,2025-09-11,24525.25,False
A9061,2025-09-27,11968.84,False
A9039,2025-09-08,18382.59,False
A9003,2025-11-07,964.10,False
A9063,2025-09-19,18446.52,False
A9049,2025-10-22,7109.12,False
A9054,2025-10-29,9456.19,False
A9039,2025-11-15,6008.24,False
A9035,2025-11-20,12545.24,False
A9002,2025-11-11,949.92,False
A9028,2025-11-21,17544.16,False
A9011,2025-08-03,22421.75,False
A9059,2025-09-17,24765.73,False
A9026,2025-08-11,3116.60,False
A9009,2025-09-10,17255.72,False
A9014,2025-08-29,11883.13,False
A9042,2025-08-11,21306.97,False
A9022,2025-09-03,21700.76,False
A9005,2025-09-12,13611.33,False
A9010,2025-11-08,24569.60,False
A9052,2025-08-11,10409.47,False
A9037,2025-10-09,24207.30,False
A9053,2025-10-24,21481.89,False
A9033,2025-11-23,4105.16,False
A9005,2025-11-20,8414.54,False
A9051,2025-09-29,21071.71,False
A9046,2025-08-12,14250.95,False
A9057,2025-09-22,22717.87,False
A9019,2025-08-10,14132.35,False
A9053,2025-09-08,17500.09,False
A9044,2025-09-05,23141.83,False
A9055,2025-08-20,5660.73,False
A9045,2025-10-28,15973.94,False
A9036,2025-09-17,4062.77,False
A9014,2025-10-10,12912.57,False
A9052,2025-09-24,20346.88,False
A9013,2025-11-28,2586.02,False
A9002,2025-11-21,940.12,False
A9012,2025-08-30,24500.02,False
A9026,2025-09-17,8530.12,False
A9009,2025-10-22,7431.37,False
A9060,2025-08-10,1867.68,False
A9006,2025-11-15,13303.84,False
A9048,2025-08-30,24892.43,False
A9047,2025-08-18,7833.51,False
A9013,2025-11-23,4465.50,False
A9032,2025-10-06,17377.24,False
A9027,2025-08-20,4557.71,False
A9023,2025-11-16,2622.11,False
A9034,2025-09-14,21468.84,False
A9001,2025-11-28,997.31,False
A9054,2025-11-24,3263.47,False
A9004,2025-08-08,20408.88,False
A9005,2025-10-31,6184.98,False
A9063,2025-08-11,18538.06,False
A9020,2025-08-19,1570.86,False
A9045,2025-10-24,12849.20,False
A9015,2025-08-08,18264.19,False
A9037,2025-11-17,19023.13,False
A9023,2025-10-04,3214.87,False
A9041,2025-11-29,24989.95,False
A9007,2025-11-10,20126.77,False
A9027,2025-08-17,8246.31,False
A9022,2025-11-22,10579.20,False
A9030,2025-11-25,5908.19,False
A9056,2025-11-06,20329.59,False
A9021,2025-10-03,7370.45,False
A9032,2025-08-26,14421.64,False
A9005,2025-10-15,9284.13,False
A9023,2025-09-29,2044.64,False
A9025,2025-08-21,21749.30,False
A9051,2025-11-26,10953.24,False
A9050,2025-10-04,16734.71,False
A9002,2025-11-07,905.59,True
A9056,2025-09-10,5614.59,False
A9027,2025-09-13,19276.41,False
A9034,2025-10-03,6294.54,False
A9045,2025-09-11,24683.50,False
A9025,2025-11-08,13160.78,False
A9047,2025-08-25,21889.88,False
A9023,2025-09-20,16094.14,False
A9024,2025-11-20,10919.58,False
A9057,2025-10-09,10652.71,False
A9027,2025-09-04,7053.11,False
A9051,2025-08-10,13873.49,False
A9023,2025-11-04,19532.71,False
A9022,2025-09-27,18077.17,False
A9054,2025-09-20,6322.33,False
A9006,2025-10-11,2702.21,False
A9051,2025-09-17,7123.13,False
A9001,2025-11-29,959.05,False
A9007,2025-11-11,11830.73,False
A9043,2025-11-25,17338.26,False
A9049,2025-09-30,12032.10,False
A9034,2025-09-09,6187.22,False
A9062,2025-08-15,2693.77,False
A9033,2025-11-16,16721.18,False
A9003,2025-11-08,926.34,False
A9031,2025-08-10,10900.51,False
A9022,2025-10-17,10308.77,False
A9003,2025-11-03,956.74,False
A9049,2025-11-17,19778.11,False
A9045,2025-11-12,3258.46,False
A9010,2025-08-17,6061.76,False
A9021,2025-08-18,1560.28,False
A9061,2025-08-16,9570.79,False
A9016,2025-10-22,4309.54,False
A9029,2025-10-15,20180.08,False
A9027,2025-08-30,4588.18,False
A9047,2025-08-23,11797.06,False
A9049,2025-11-08,1830.98,False
A9038,2025-10-08,17045.75,False
A9007,2025-09-07,22771.83,False
A9010,2025-08-26,16393.07,False
A9028,2025-11-13,20809.04,False
A9018,2025-08-28,3623.91,False
A9038,2025-10-08,14000.44,False
A9003,2025-11-15,976.20,False
A9014,2025-12-01,11100.16,False
A9013,2025-11-11,5749.88,False
A9030,2025-10-31,24123.12,False
A9049,2025-08-12,2643.89,False
A9024,2025-10-01,9696.87,False
A9017,2025-08-13,10924.45,False
A9036,2025-11-14,9207.20,False
A9046,2025-10-01,6769.75,False
A9029,2025-11-23,4834.05,False
A9021,2025-10-26,4364.04,False
A9045,2025-10-16,10010.54,False
A9034,2025-10-05,19783.40,False
A9031,2025-09-05,4037.10,False
A9036,2025-09-10,5462.94,False
A9054,2025-10-05,6999.07,False
A9041,2025-09-08,20391.78,False
A9023,2025-11-21,24857.08,False
A9038,2025-10-14,12200.60,False
A9003,2025-11-07,953.27,False
A9019,2025-09-04,12688.19,False
A9043,2025-09-11,2211.72,False
A9030,2025-11-28,5714.98,False
A9019,2025-08-13,5318.79,False
A9036,2025-08-24,15869.73,False
A9015,2025-08-30,13761.05,False
A9034,2025-10-21,23491.90,False
A9042,2025-09-03,22182.52,False
A9024,2025-10-07,15745.91,False
A9019,2025-08-17,23463.61,False
A9036,2025-09-30,7401.35,False
A9007,2025-08-07,19565.04,False
A9007,2025-10-29,10408.94,False
A9013,2025-09-02,6527.89,False
A9016,2025-08-22,4763.61,False
A9013,2025-08-20,14726.73,False
A9015,2025-11-23,15483.33,False
A9032,2025-10-06,23838.05,False
A9039,2025-10-31,23060.55,False
A9039,2025-11-18,8999.22,False
A9021,2025-11-16,20284.55,False
A9062,2025-10-04,9716.97,False
A9025,2025-08-21,4206.49,False
A9009,2025-10-30,6113.10,False
A9014,2025-11-09,3355.76,False
A9022,2025-10-13,21807.85,False
A9038,2025-11-24,23462.70,False
A9008,2025-09-28,16717.27,False
A9027,2025-09-27,6769.68,False
A9053,2025-08-21,4942.19,False
A9047,2025-10-15,14294.95,False
A9021,2025-08-14,24624.66,False
A9052,2025-10-30,8302.01,False
A9059,2025-11-13,14808.55,False
A9025,2025-08-25,12927.37,False
A9008,2025-11-09,23855.37,False
A9048,2025-09-12,2126.21,False
A9001,2025-11-08,910.25,False
A9036,2025-11-17,10552.09,False
A9054,2025-08-29,5487.75,False
A9033,2025-10-07,20904.76,False
A9060,2025-11-13,24663.85,False
A9061,2025-11-27,21701.43,False
A9061,2025-10-26,17423.86,False
A9016,2025-11-21,7171.87,False
A9006,2025-08-26,19272.32,False
A9001,2025-11-21,927.79,False
A9063,2025-08-20,14153.62,False
A9044,2025-09-13,9376.92,False
A9035,2025-11-18,22008.91,False
A9063,2025-08-11,22142.39,False
A9012,2025-09-07,18016.53,False
A9027,2025-08-09,10488.27,False
A9037,2025-10-28,20326.98,False
A9011,2025-08-31,22651.10,False
A9012,2025-08-13,3140.54,False
A9015,2025-08-04,19101.58,False
A9039,2025-11-07,10019.31,False
A9036,2025-10-02,20152.78,False
A9005,2025-08-05,8831.00,False
A9006,2025-08-17,10176.58,False
A9003,2025-11-16,901.95,True
A9005,2025-11-13,21443.73,False
A9048,2025-08-25,16181.40,False
A9054,2025-09-03,4188.73,False
A9028,2025-10-29,23273.17,False
A9012,2025-12-01,24166.19,False
A9054,2025-09-23,22096.82,False
A9021,2025-10-05,22774.70,False
A9040,2025-10-24,12659.98,False
A9042,2025-09-16,20082.41,False
A9002,2025-11-20,921.93,False
A9018,2025-10-16,5716.88,False
A9053,2025-10-29,18044.89,False
A9024,2025-09-12,18389.86,False
A9001,2025-11-23,980.94,False
A9002,2025-11-04,910.96,False
A9009,2025-08-17,3506.06,False
A9013,2025-10-05,14156.64,False
A9001,2025-11-19,907.88,False
A9046,2025-08-19,14533.15,False
A9003,2025-11-28,929.35,False
A9051,2025-11-26,11751.16,False
A9051,2025-11-25,22899.50,False
A9024,2025-09-10,3242.88,False
A9018,2025-12-01,3168.34,False
A9009,2025-08-20,17525.34,False
A9005,2025-11-15,1849.22,False
A9036,2025-11-03,23717.27,False
A9046,2025-08-03,10409.91,False
A9007,2025-11-25,8111.87,False
A9043,2025-08-29,3831.99,False
A9029,2025-09-04,7217.67,False
A9048,2025-09-16,12542.94,False
A9033,2025-09-13,24963.68,False
A9007,2025-09-09,24983.14,False
A9043,2025-08-29,21301.15,False
A9041,2025-10-20,21937.96,False
A9060,2025-10-18,23366.09,False
A9016,2025-11-19,3777.87,False
A9061,2025-11-11,20616.73,False
A9001,2025-11-20,957.74,False
A9020,2025-09-08,3407.91,False
A9012,2025-08-11,7715.11,False
A9026,2025-11-01,18724.11,False
A9018,2025-09-23,6605.83,False
A9018,2025-08-16,22953.85,False
A9010,2025-08-14,5279.38,False
A9058,2025-10-24,6181.60,False
A9021,2025-11-14,4066.82,False
A9006,2025-08-30,19905.83,False
A9015,2025-11-17,17034.85,False
A9044,2025-09-19,6069.23,False
A9029,2025-08-31,5378.55,False
A9017,2025-08-25,14945.22,False
A9001,2025-11-24,944.92,False
A9031,2025-10-17,11454.10,False
A9041,2025-10-11,13813.12,False
A9053,2025-09-05,12418.64,False
A9053,2025-08-22,21578.69,False
A9002,2025-11-29,921.10,False
A9039,2025-11-13,11599.99,False
A9018,2025-09-10,5001.25,False
A9053,2025-09-18,23732.46,False
A9010,2025-11-24,10961.60,False
A9053,2025-09-19,7719.41,False
A9024,2025-10-08,8844.30,False
A9043,2025-10-26,19181.19,False
A9002,2025-11-24,916.34,False
A9032,2025-09-15,18365.08,False
A9050,2025-11-13,11134.50,False
A9018,2025-10-20,19697.66,False
A9030,2025-10-19,20944.35,False
A9025,2025-08-04,20011.36,False
A9032,2025-08-09,23977.25,False
A9045,2025-09-23,13821.49,False
A9013,2025-08-17,11780.61,False
A9049,2025-11-23,14424.93,False
A9058,2025-09-24,10430.22,False
A9012,2025-08-12,7375.08,False
A9049,2025-11-03,9631.54,False
A9019,2025-10-28,9392.42,False
A9012,2025-10-01,5099.86,False
A9049,2025-11-21,13356.90,False
A9015,2025-09-29,13667.01,False
A9048,2025-11-01,14937.24,False
A9003,2025-11-01,972.21,False
A9026,2025-11-22,10831.17,False
A9019,2025-09-29,22951.48,False
A9057,2025-12-01,8641.06,False
A9054,2025-10-06,2284.07,False
A9001,2025-11-10,922.79,False
A9024,2025-11-09,12302.09,False
A9014,2025-08-23,17980.04,False
A9052,2025-10-08,21900.17,False
A9046,2025-11-06,10059.20,False
A9063,2025-10-23,13611.51,False
A9063,2025-11-22,11913.57,False
A9005,2025-11-20,6879.72,False
A9013,2025-09-29,23417.35,False
A9014,2025-09-04,11931.85,False
A9028,2025-08-23,13824.88,False
A9021,2025-11-26,24395.93,False
A9007,2025-08-22,16325.83,False
A9042,2025-11-24,1680.65,False
A9032,2025-11-26,18580.14,False
A9025,2025-11-21,15194.38,False
A9038,2025-08-26,17718.84,False
A9007,2025-08-13,16909.69,False
A9063,2025-10-20,19886.08,False
A9039,2025-09-25,9578.30,False
A9025,2025-10-24,15187.83,False
A9008,2025-09-07,23138.12,False
A9021,2025-08-31,15355.29,False
A9022,2025-10-21,8207.26,False
A9041,2025-09-20,13785.39,False
A9009,2025-11-26,23790.85,False
A9044,2025-09-05,2759.81,False
A9020,2025-10-04,7500.18,False
A9040,2025-09-16,19654.65,False
A9032,2025-10-06,13815.61,False
A9051,2025-09-15,10280.18,False
A9034,2025-10-31,12234.48,False
A9033,2025-11-16,7785.58,False
A9020,2025-10-19,8071.97,False
A9043,2025-11-21,11351.79,False
A9024,2025-08-04,3828.45,False
A9020,2025-09-06,19256.07,False
A9017,2025-09-04,18067.22,False
A9025,2025-11-03,9327.11,False
A9058,2025-10-16,3834.83,False
A9062,2025-09-20,4136.91,False
A9026,2025-10-24,19206.67,False
A9022,2025-08-24,10474.00,False
A9022,2025-10-17,21760.26,False
A9023,2025-09-09,11094.95,False
A9006,2025-08-27,16702.16,False
A9048,2025-10-12,16771.16,False
A9020,2025-08-25,10169.04,False
A9040,2025-09-05,20124.21,False
A9006,2025-10-23,10069.31,False
A9003,2025-12-01,968.03,False
A9017,2025-11-06,20956.87,False
A9030,2025-08-03,23860.76,False
A9030,2025-09-04,6291.45,False
A9046,2025-10-14,9405.32,False
A9051,2025-09-23,2724.01,False
A9029,2025-11-15,17284.72,False
A9043,2025-11-11,10051.60,False
A9051,2025-08-31,21482.83,False
A9054,2025-08-08,18545.12,False
A9033,2025-09-10,24154.62,False
A9011,2025-10-18,11602.97,False
A9048,2025-09-22,22950.73,False
A9037,2025-09-02,10001.94,False
A9003,2025-11-29,908.57,False
A9026,2025-11-12,7977.77,False
A9010,2025-10-10,9261.90,False
A9027,2025-09-11,22452.01,False
A9049,2025-10-22,18753.69,False
A9017,2025-10-28,14406.66,False
A9004,2025-09-02,14052.17,False
A9050,2025-08-19,16667.91,False
A9061,2025-08-24,9710.32,False
A9048,2025-09-11,5591.14,False
A9056,2025-09-13,15918.97,False
A9014,2025-11-11,9082.53,False
A9037,2025-08-12,15754.96,False
A9001,2025-11-09,906.96,False
A9040,2025-09-19,12607.77,False
A9024,2025-08-12,5933.33,False
A9054,2025-08-23,7091.39,False
A9045,2025-09-21,2116.97,False
A9030,2025-09-14,19502.26,False
A9040,2025-10-25,24828.26,False
A9048,2025-10-24,22730.47,False
A9008,2025-08-25,8059.44,False
A9003,2025-11-27,912.84,False
A9047,2025-08-13,7027.29,False
A9012,2025-08-31,23484.58,False
A9026,2025-11-03,16778.39,False
A9059,2025-08-05,8302.47,False
A9031,2025-09-04,7377.31,False
A9042,2025-11-18,23318.69,False
A9001,2025-11-30,902.98,False
A9050,2025-09-04,6227.05,False
A9025,2025-08-16,23212.35,False
A9029,2025-08-03,7897.79,False
A9020,2025-11-02,4335.41,False
A9053,2025-08-03,12255.47,False
A9058,2025-09-26,21502.40,False
A9030,2025-09-11,20156.63,False
A9009,2025-10-15,6776.66,False
A9013,2025-10-28,8121.27,False
A9031,2025-10-18,17959.04,False
A9062,2025-09-21,4267.38,False
A9003,2025-11-05,963.89,False
A9033,2025-10-09,2963.24,False
A9063,2025-08-04,20192.03,False
A9045,2025-11-07,9055.88,False
A9003,2025-11-16,981.60,False
A9055,2025-11-17,9271.08,False
A9040,2025-10-06,12349.48,False
A9024,2025-09-19,11588.18,False
A9029,2025-10-20,8047.17,False
A9006,2025-10-21,20209.37,False
A9030,2025-09-04,13143.52,False
A9006,2025-10-26,23949.87,False
A9021,2025-08-18,4842.55,False
A9048,2025-09-26,12416.92,False
A9050,2025-09-13,19703.24,False
A9046,2025-10-12,7950.29,False
A9005,2025-09-13,5080.99,False
A9013,2025-08-06,9720.79,False
A9002,2025-11-23,945.34,False
A9039,2025-10-25,17889.31,False
A9062,2025-08-12,2802.20,False
A9014,2025-11-22,13496.36,False
A9045,2025-08-13,24468.16,False
A9023,2025-08-31,2011.61,False
A9032,2025-08-07,11903.94,False
A9003,2025-11-20,976.25,False
A9039,2025-09-16,8956.50,False
A9059,2025-10-14,16063.19,False
A9006,2025-08-07,23154.57,False
A9002,2025-11-03,958.35,False
A9019,2025-11-09,14471.82,False
A9046,2025-11-04,16580.05,False
A9053,2025-11-15,11666.53,False
A9061,2025-09-29,15523.37,False
A9047,2025-09-10,20385.83,False
A9044,2025-10-06,19359.78,False
A9040,2025-11-14,13942.31,False
A9031,2025-11-19,18997.84,False
A9049,2025-09-09,9379.32,False
A9049,2025-11-11,8802.63,False
A9054,2025-08-24,15094.15,False
A9023,2025-09-14,14036.73,False
A9024,2025-09-08,8447.54,False
A9049,2025-10-08,14681.31,False
A9021,2025-08-11,12093.85,False
A9003,2025-11-14,995.35,False
A9042,2025-09-27,19037.87,False
A9056,2025-09-23,12624.89,False
A9036,2025-10-25,7002.80,False
A9016,2025-09-19,14111.51,False
A9051,2025-08-08,5589.64,False
A9019,2025-11-13,3775.07,False
A9051,2025-09-22,9273.60,False
A9006,2025-08-18,21798.86,False
A9002,2025-11-10,926.70,True
A9019,2025-10-23,24191.52,False
A9033,2025-10-19,5199.12,False
A9039,2025-10-20,17245.31,False
A9047,2025-08-07,24017.06,False
A9055,2025-09-22,4549.62,False
A9006,2025-11-27,4720.35,False
A9002,2025-11-09,931.47,False
A9053,2025-09-09,2446.07,False
A9054,2025-10-12,1827.09,False
A9007,2025-11-12,5199.13,False
A9031,2025-12-01,15948.03,False
A9053,2025-10-23,17721.82,False
A9018,2025-08-03,24363.40,False
A9002,2025-11-05,903.21,False
A9049,2025-10-21,10451.25,False
A9018,2025-11-23,9445.01,False
A9040,2025-09-16,3496.49,False
A9007,2025-10-30,23614.99,False
A9018,2025-11-14,5141.21,False
A9013,2025-10-31,13982.41,False
A9038,2025-10-19,14337.42,False
A9003,2025-11-24,905.79,False
A9026,2025-08-24,14657.26,False
A9051,2025-08-27,9314.19,False
A9004,2025-08-15,4026.18,False
A9009,2025-10-23,14634.67,False
A9002,2025-11-29,975.58,False
A9038,2025-11-16,12187.47,False
A9047,2025-08-27,6039.29,False
A9017,2025-09-18,3216.19,False
A9019,2025-10-27,14615.04,False
A9012,2025-08-11,20982.76,False
A9045,2025-10-15,11795.35,False
A9002,2025-11-20,935.53,False
A9043,2025-11-15,15535.29,False
A9006,2025-10-10,10061.04,False
A9003,2025-11-02,936.30,False
A9050,2025-09-15,13902.63,False
A9056,2025-10-21,7067.24,False
A9053,2025-08-10,4004.80,False
A9036,2025-09-22,1977.86,False
A9013,2025-11-02,10501.33,False
A9023,2025-08-31,9123.00,False
A9012,2025-09-12,3783.35,False
A9026,2025-10-20,14470.06,False
A9019,2025-11-04,15208.59,False
A9015,2025-09-24,10736.88,False
A9029,2025-08-18,11551.03,False
A9052,2025-08-17,11406.77,False
A9016,2025-10-08,4197.24,False
A9058,2025-08-09,23905.61,False
A9043,2025-09-11,15256.07,False
A9034,2025-09-28,5045.24,False
A9020,2025-11-27,4047.46,False
A9021,2025-11-24,14582.88,False
A9055,2025-09-09,13930.11,False
A9033,2025-11-12,15747.12,False
A9041,2025-09-22,6907.70,False
A9033,2025-08-13,18633.28,False
A9051,2025-08-20,7331.93,False
A9059,2025-11-19,11926.45,False
A9027,2025-11-01,10574.90,False
A9059,2025-10-02,2523.06,False
A9025,2025-10-31,24737.29,False
A9042,2025-11-13,8845.69,False
A9040,2025-08-23,2465.12,False
A9050,2025-09-10,24148.89,False
A9040,2025-11-04,12428.30,False
A9057,2025-10-12,20017.07,False
A9011,2025-11-27,20522.74,False
A9001,2025-11-19,909.67,False
A9001,2025-12-01,975.88,False
A9049,2025-08-07,20568.11,False
A9027,2025-11-17,19421.23,False
A9045,2025-09-09,22126.10,False
A9011,2025-11-15,24414.45,False
A9045,2025-10-30,19062.45,False
A9028,2025-10-04,10218.77,False
A9016,2025-10-15,17440.21,False
A9056,2025-10-03,22870.61,False
A9054,2025-08-29,22553.10,False
A9039,2025-08-04,3910.86,False
A9045,2025-08-22,9219.20,False
A9032,2025-08-07,20530.67,False
A9003,2025-11-19,959.59,False
A9030,2025-10-20,9044.87,False
A9018,2025-09-15,20345.40,False
A9041,2025-11-04,20606.75,False
A9023,2025-11-03,20454.23,False
A9001,2025-11-09,954.49,False
A9063,2025-09-08,3934.28,False
A9062,2025-08-30,15038.59,False
A9003,2025-11-26,945.37,False
A9033,2025-09-07,13981.60,False
A9039,2025-09-06,10584.26,False
A9063,2025-10-29,6300.09,False
A9017,2025-11-23,3871.07,False
A9001,2025-11-25,923.27,False
A9056,2025-09-19,3233.14,False
A9002,2025-11-03,991.45,False
A9022,2025-11-21,19433.25,False
A9056,2025-09-13,17489.37,False
A9003,2025-11-12,919.89,False
A9002,2025-11-02,968.35,False
A9049,2025-08-07,11923.71,False
A9003,2025-11-12,906.35,False
A9019,2025-11-27,14955.40,False
A9007,2025-09-17,23980.68,False
A9026,2025-08-03,16617.93,False
A9032,2025-10-22,11341.34,False
A9050,2025-11-25,24257.37,False
A9047,2025-09-23,10422.81,False
A9023,2025-10-04,8930.16,False
A9006,2025-08-08,9908.52,False
A9020,2025-08-23,20094.32,False
A9012,2025-08-26,10207.69,False
A9055,2025-08-28,17466.15,False
A9063,2025-08-22,24346.61,False
A9044,2025-09-10,2426.43,False
A9013,2025-08-10,11249.79,False
A9027,2025-10-06,19432.49,False
A9036,2025-10-16,1928.42,False
A9042,2025-08-18,5740.73,False
A9051,2025-09-03,23730.39,False
A9052,2025-11-13,6177.86,False
A9037,2025-10-10,19575.37,False
A9025,2025-09-07,17459.83,False
A9011,2025-09-21,19464.42,False
A9011,2025-08-24,8270.39,False
A9050,2025-11-01,24285.33,False
A9010,2025-10-18,21366.28,False
A9058,2025-08-18,12185.86,False
A9030,2025-10-10,9275.71,False
A9011,2025-10-09,15217.00,False
A9035,2025-09-15,11888.04,False
A9011,2025-08-25,10998.11,False
A9011,2025-10-04,4633.47,False
A9040,2025-10-26,12530.83,False
A9040,2025-11-07,7485.98,False
A9060,2025-11-18,18946.79,False
A9062,2025-09-24,19704.07,False
A9037,2025-08-07,12237.81,False
A9035,2025-10-15,23221.30,False
A9031,2025-11-09,4535.86,False
A9033,2025-08-06,3329.77,False
A9058,2025-09-21,24401.85,False
A9006,2025-11-30,8512.22,False
A9001,2025-11-21,910.22,False
A9019,2025-10-15,8197.20,False
A9014,2025-10-11,17622.73,False
A9008,2025-10-04,11239.36,False
A9029,2025-08-19,9610.66,False
A9037,2025-11-04,10340.57,False
A9002,2025-11-01,956.72,False
A9045,2025-11-12,13140.22,False
A9046,2025-09-18,10171.98,False
A9059,2025-08-06,22809.03,False
A9023,2025-10-03,17327.25,False
A9016,2025-11-04,18857.21,False
A9034,2025-11-10,13819.46,False
A9014,2025-10-21,21580.42,False
A9055,2025-10-25,19044.14,False
A9050,2025-10-08,3354.78,False
A9016,2025-08-26,5244.55,False
A9044,2025-11-24,6880.13,False
A9036,2025-10-03,7911.67,False
A9045,2025-10-17,2922.93,False
A9045,2025-09-19,6957.17,False
A9024,2025-11-29,5594.79,False
A9033,2025-09-04,8646.14,False
A9029,2025-09-17,14763.21,False
A9030,2025-09-30,14546.64,False
A9062,2025-10-26,11820.11,False
A9046,2025-10-19,22095.23,False
A9031,2025-10-05,22370.14,False
A9027,2025-09-25,13292.18,False
A9036,2025-08-18,24720.80,False
A9008,2025-09-17,17729.44,False
A9039,2025-10-27,4441.50,False
A9052,2025-09-25,15524.58,False
A9040,2025-11-03,20469.70,False
A9035,2025-09-12,7122.28,False
A9013,2025-10-13,5979.34,False
A9024,2025-10-11,17884.40,False
A9006,2025-10-17,14331.32,False
A9040,2025-08-26,15117.50,False
A9038,2025-09-28,19980.69,False
A9056,2025-11-02,7316.53,False
A9047,2025-08-27,15501.64,False
A9039,2025-09-29,2601.78,False
A9017,2025-09-14,8211.06,False
A9063,2025-08-27,21444.35,False
A9029,2025-10-22,16764.68,False
A9005,2025-11-17,22110.40,False
A9042,2025-09-09,9072.86,False
A9001,2025-11-25,995.72,False
A9040,2025-11-30,7646.50,False
A9035,2025-11-04,9838.39,False
A9034,2025-11-17,20819.72,False
A9032,2025-08-27,7774.37,False
A9021,2025-08-04,14707.42,False
A9040,2025-10-24,11042.77,False
A9027,2025-11-18,17358.66,False
A9056,2025-08-27,7019.41,False
A9025,2025-10-18,1643.49,False
A9062,2025-11-03,20692.53,False
A9012,2025-08-25,16575.84,False
A9022,2025-11-17,11018.26,False
A9060,2025-11-20,3045.08,False
A9036,2025-10-03,13220.85,False
A9045,2025-09-27,10892.44,False
A9003,2025-11-04,962.53,False
A9018,2025-09-11,6971.66,False
A9002,2025-11-14,921.96,False
A9044,2025-09-29,12402.90,False
A9047,2025-08-05,22228.13,False
A9030,2025-11-25,10816.67,False
A9052,2025-09-22,2362.38,False
A9057,2025-11-21,12552.21,False
A9002,2025-11-14,953.90,False
A9020,2025-11-09,15143.86,False
A9041,2025-10-19,13421.90,False
A9022,2025-10-21,3911.05,False
A9029,2025-10-09,18645.89,False
A9023,2025-10-11,24886.01,False
A9062,2025-10-27,5764.99,False
A9034,2025-08-12,21436.86,False
A9022,2025-11-29,24481.70,False
A9054,2025-11-21,13849.41,False
A9003,2025-12-01,959.89,False
A9036,2025-08-25,14184.61,False
A9032,2025-10-19,5832.55,False
A9036,2025-10-23,17171.98,False
A9018,2025-09-30,6656.41,False
A9061,2025-09-23,3393.57,False
A9044,2025-09-15,20283.87,False
A9019,2025-09-18,15471.20,False
A9036,2025-09-15,11609.68,False
A9021,2025-11-28,5739.78,False
A9059,2025-08-15,11847.20,False
A9028,2025-09-08,20121.25,False
A9044,2025-11-28,3656.31,False
A9002,2025-11-11,916.00,False
A9044,2025-08-06,23604.94,False
A9062,2025-10-25,9177.90,False
A9029,2025-09-28,12244.92,False
A9036,2025-10-29,4612.73,False
A9055,2025-11-14,2982.86,False
A9023,2025-08-25,8291.60,False
A9048,2025-10-09,11094.09,False
A9004,2025-08-09,19147.67,False
A9037,2025-11-05,14680.84,False
A9032,2025-11-22,18268.30,False
A9047,2025-10-12,24230.84,False
A9020,2025-10-15,23909.42,False
A9014,2025-09-01,18174.75,False
A9056,2025-08-22,21976.09,False
A9046,2025-08-03,10910.63,False
A9052,2025-10-03,14891.47,False
